searchterm,exclude
Affenpinscher,dog
Afghan Hound,dog
Kuchi dog,dog
Aidi,dog
Airedale Terrier,dog
Akbash,dog
Akita (dog),dog
Alano Español,dog
Alapaha Blue Blood Bulldog,dog
Alaskan husky,dog
Alaskan Klee Kai,dog
Alaskan Malamute,dog
Alaunt,dog
Alopekis,dog
Alpine Dachsbracke,dog
Alpine Mastiff,dog
Alpine Spaniel,dog
American Bully,dog
American Bulldog,dog
American Cocker Spaniel,dog
American English Coonhound,dog
American Eskimo Dog,dog
American Foxhound,dog
American Hairless Terrier,dog
American Leopard Hound,dog
American Pit Bull Terrier,dog
American Staffordshire Terrier,dog
American Water Spaniel,dog
Anatolian Shepherd Dog,dog
Andalusian Hound,dog
Anglo-Français de Petite Vénerie,dog
Appenzeller Sennenhund,dog
Argentine Pila Dog,dog
Argentine Polar Dog,dog
Ariegeois,dog
Armant (dog),dog
Armenian Gampr dog,dog
Artois Hound,dog
Australian Cattle Dog,dog
Australian Kelpie,dog
Australian Shepherd,dog
Australian Stumpy Tail Cattle Dog,dog
Australian Terrier,dog
Austrian Black and Tan Hound,dog
Austrian Pinscher,dog
Azawakh,dog
Bakharwal dog,dog
Barbado da Terceira,dog
Barbet (dog),dog
Basenji,dog
Basque Shepherd Dog,dog
Basset Artésien Normand,dog
Basset Bleu de Gascogne,dog
Basset Fauve de Bretagne,dog
Basset Hound,dog
Bavarian Mountain Hound,dog
Beagle,dog
Beagle-Harrier,dog
Bearded Collie,dog
Beauceron,dog
Bedlington Terrier,dog
Groenendael dog,dog
Laekenois dog,dog
Malinois dog,dog
Tervuren dog,dog
Bergamasco Shepherd,dog
Berger Blanc Suisse,dog
Berger Picard,dog
Bernese Mountain Dog,dog
Bichon Frisé,dog
Billy (dog),dog
Black and Tan Coonhound,dog
Black and Tan Virginia Foxhound,dog
Black Norwegian Elkhound,dog
Black Russian Terrier,dog
Black Mouth Cur,dog
Bloodhound,dog
Blue Lacy,dog
Blue Paul Terrier,dog
Blue Picardy Spaniel,dog
Bluetick Coonhound,dog
Boerboel,dog
Bohemian Shepherd,dog
Bolognese (dog),dog
Border Collie,dog
Border Terrier,dog
Borzoi,dog
Barak hound,dog
Boston Terrier,dog
Bouvier des Ardennes,dog
Bouvier des Flandres,dog
Boxer (dog),dog
Boykin Spaniel,dog
Bracco Italiano,dog
" ""Braque d'Auvergne"" ",dog
Ariege Pointer,dog
Braque du Bourbonnais,dog
Braque du Puy,dog
Braque Francais,dog
Braque Saint-Germain,dog
Briard,dog
Briquet Griffon Vendéen,dog
Brittany dog,dog
Broholmer,dog
Bruno Jura Hound,dog
Griffon Bruxellois,dog
Bucovina Shepherd Dog,dog
Bull and Terrier,dog
Bull Terrier,dog
Bulldog,dog
Bullenbeisser,dog
Bullmastiff,dog
Bully Kutta,dog
Burgos Pointer,dog
Cairn Terrier,dog
Campeiro Bulldog,dog
Canaan Dog,dog
Middle East,dog
Canadian Eskimo Dog,dog
Cane Corso,dog
Cantabrian Water Dog,dog
Cão da Serra de Aires,dog
Cão de Castro Laboreiro,dog
Cão de Gado Transmontano,dog
Cão Fila de São Miguel,dog
Carolina Dog,dog
Carpathian Shepherd Dog,dog
Catalan Sheepdog,dog
Caucasian Shepherd Dog,dog
Cavalier King Charles Spaniel,dog
Celtic Hounds,dog
Central Asian Shepherd Dog,dog
Cesky Fousek,dog
Cesky Terrier,dog
Chesapeake Bay Retriever,dog
Chien Français Blanc et Noir,dog
Chien Français Blanc et Orange,dog
Chien Français Tricolore,dog
Chien-gris,dog
Chihuahua (dog),dog
Chilean Terrier,dog
Chinese Chongqing Dog,dog
Chinese Crested Dog,dog
Chinese Imperial Dog,dog
Chinook (dog),dog
Chippiparai,dog
Chiribaya Dog,dog
Chow Chow,dog
Cierny Sery,dog
" ""Cirneco dell'Etna"" ",dog
Clumber Spaniel,dog
Rough Collie,dog
Smooth Collie,dog
Combai,dog
Cordoba Fighting Dog,dog
Coton de Tulear,dog
Cretan Hound,dog
Croatian Sheepdog,dog
Cumberland Sheepdog,dog
Curly Coated Retriever,dog
Cursinu,dog
Czechoslovakian Wolfdog,dog
Dachshund,dog
Dalbo dog,dog
Dalmatian (dog),dog
Dandie Dinmont Terrier,dog
Danish-Swedish Farmdog,dog
German Hound,dog
Dingo,dog
Dobermann,dog
Dogo Argentino,dog
Dogo Cubano,dog
Guatemalan Dogo,dog
Dogo Sardesco,dog
Brazilian Dogo,dog
Dogue de Bordeaux,dog
Drentse Patrijshond,dog
Drever,dog
Dunker,dog
Dutch Shepherd,dog
Dutch Smoushond,dog
East Siberian Laika,dog
East-European Shepherd,dog
Elo (dog),dog
English Cocker Spaniel,dog
English Foxhound,dog
English Mastiff,dog
Pointer (dog breed),dog
English Setter,dog
English Shepherd,dog
English Springer Spaniel,dog
English Toy Terrier (Black & Tan),dog
Toy Manchester Terrier,dog
English Water Spaniel,dog
English White Terrier,dog
Entlebucher Mountain Dog,dog
Estonian Hound,dog
Field Spaniel,dog
Fila Brasileiro,dog
Terceira Mastiff,dog
Finnish Hound,dog
Finnish Lapphund,dog
Finnish Spitz,dog
Flat-coated Retriever,dog
Smooth Fox Terrier,dog
Wire Fox Terrier,dog
French Bulldog,dog
England,dog
French Spaniel,dog
Gaddi Kutta,dog
Galgo Español,dog
Can de Palleiro,dog
Garafian Shepherd,dog
Gascon Saintongeois,dog
Georgian Shepherd,dog
German Longhaired Pointer,dog
German Pinscher,dog
Stichelhaar,dog
German Shepherd,dog
German Shorthaired Pointer,dog
German Spaniel,dog
German Spitz,dog
German Wirehaired Pointer,dog
Giant Schnauzer,dog
Glen of Imaal Terrier,dog
Golden Retriever,dog
Gordon Setter,dog
Gran Mastín de Borínquen,dog
Grand Anglo-Français Blanc et Noir,dog
Grand Anglo-Français Blanc et Orange,dog
Grand Anglo-Français Tricolore,dog
Grand Basset Griffon Vendéen,dog
Grand Bleu de Gascogne,dog
Grand Griffon Vendéen,dog
Great Dane,dog
Great Pyrenees,dog
Greater Swiss Mountain Dog,dog
Greek Harehound,dog
Greek Shepherd,dog
Greenland Dog,dog
Greyhound,dog
Griffon Bleu de Gascogne,dog
Griffon Fauve de Bretagne,dog
Griffon Nivernais,dog
Gull Terrier,dog
Hamiltonstövare,dog
Hanover Hound,dog
Hare Indian Dog,dog
Harrier (dog),dog
Havanese dog,dog
Hawaiian Poi Dog,dog
Himalayan Sheepdog,dog
Hokkaido (dog),dog
Hortaya borzaya,dog
Hovawart,dog
Huntaway,dog
Hygen Hound,dog
Ibizan Hound,dog
Icelandic Sheepdog,dog
Indian pariah dog,dog
Indian Spitz,dog
Irish Red and White Setter,dog
Irish Setter,dog
Irish Terrier,dog
Irish Water Spaniel,dog
Irish Wolfhound,dog
Istrian Coarse-haired Hound,dog
Istrian Shorthaired Hound,dog
Italian Greyhound,dog
Jack Russell Terrier,dog
Jagdterrier,dog
Jämthund,dog
Japanese Chin,dog
Japanese Spitz,dog
Japanese Terrier,dog
Korean Jindo,dog
Jonangi,dog
Kai Ken,dog
Kaikadi dog,dog
Kangal Shepherd Dog,dog
Kanni,dog
Karakachan dog,dog
Karelian Bear Dog,dog
Karelo-Finnish Laika,dog
Karst Shepherd,dog
Keeshond,dog
Kerry Beagle,dog
Kerry Blue Terrier,dog
King Charles Spaniel,dog
King Shepherd,dog
Kintamani (dog),dog
Kishu,dog
Komondor,dog
Koolie,dog
Koyun dog,dog
Kromfohrländer,dog
Kumaon Mastiff,dog
Kunming wolfdog,dog
Kurī,dog
Kuvasz,dog
Kyi-Leo,dog
Labrador Husky,dog
Labrador Retriever,dog
Lagotto Romagnolo,dog
Lakeland Terrier,dog
Lancashire Heeler,dog
Landseer dog,dog
Lapponian Herder,dog
Lapponian Shepherd,dog
Large Münsterländer,dog
Leonberger,dog
Lhasa Apso,dog
Lithuanian Hound,dog
Louisiana Catahoula Leopard dog,dog
Löwchen,dog
Lupo Italiano,dog
Mackenzie River husky,dog
Magyar agár,dog
Mahratta Greyhound,dog
Maltese (dog),dog
Maremma Sheepdog,dog
Marquesan Dog,dog
McNab dog,dog
Miniature American Shepherd,dog
Miniature Bull Terrier,dog
Miniature Fox Terrier,dog
Miniature Pinscher,dog
Miniature Schnauzer,dog
Miniature Shar Pei,dog
Molossus (dog),dog
Molossus of Epirus,dog
Montenegrin Mountain Hound,dog
Moscow Watchdog,dog
Moscow Water Dog,dog
Mountain Cur,dog
Mucuchies,dog
Mudhol Hound,dog
Mudi,dog
Neapolitan Mastiff,dog
Kooikerhondje,dog
Laika (dog breed),dog
Newfoundland dog,dog
New Guinea singing dog,dog
New Zealand Heading Dog,dog
Norfolk Spaniel,dog
Norfolk Terrier,dog
Norrbottenspets,dog
North Country Beagle,dog
Northern Inuit Dog,dog
Norwegian Buhund,dog
Norwegian Elkhound,dog
Norwegian Lundehund,dog
Norwich Terrier,dog
Nova Scotia Duck Tolling Retriever,dog
Old Croatian Sighthound,dog
Old Danish Pointer,dog
Old English Bulldog,dog
Old English Sheepdog,dog
Old English Terrier,dog
Old German Shepherd Dog,dog
Old Spanish Pointer,dog
Old Time Farm Shepherd,dog
Old Welsh Grey Sheepdog,dog
Olde English Bulldogge,dog
Otterhound,dog
Pachon Navarro,dog
Pandikona,dog
Paisley Terrier,dog
Papillon (dog),dog
Parson Russell Terrier,dog
Pastore della Lessinia e del Lagorai,dog
Patterdale Terrier,dog
Pekingese,dog
Majorca Shepherd Dog,dog
Perro de Presa Canario,dog
Ca de Bou,dog
Peruvian Hairless Dog,dog
Petit Basset Griffon Vendéen,dog
Petit Bleu de Gascogne,dog
Phalène,dog
Pharaoh Hound,dog
Phu Quoc Ridgeback,dog
Picardy Spaniel,dog
Plott Hound,dog
Plummer Terrier,dog
Podenco Canario,dog
Poitevin (dog),dog
Polish Greyhound,dog
Polish Hound,dog
Polish Hunting Dog,dog
Polish Lowland Sheepdog,dog
Polish Tatra Sheepdog,dog
Pomeranian (dog),dog
Pont-Audemer Spaniel,dog
Poodle,dog
Porcelaine,dog
Portuguese Podengo,dog
Portuguese Pointer,dog
Portuguese Water Dog,dog
Potsdam Greyhound,dog
Pražský Krysařík,dog
Pudelpointer,dog
Pug,dog
Puli dog,dog
Pumi (dog),dog
Pungsan dog,dog
Pyrenean Mastiff,dog
Pyrenean Shepherd,dog
Rache,dog
Rafeiro do Alentejo,dog
Rajapalayam (dog),dog
Rampur Greyhound,dog
Rat Terrier,dog
Ratonero Bodeguero Andaluz,dog
Majorca Ratter,dog
Ratonero Murciano de Huerta,dog
Ratonero Valenciano,dog
Redbone Coonhound,dog
Rhodesian Ridgeback,dog
Romanian Mioritic Shepherd Dog,dog
Romanian Raven Shepherd Dog,dog
Rottweiler,dog
Russian Salon Dog,dog
Russian Spaniel,dog
Russkiy Toy,dog
Russian tracker,dog
Bolonka,dog
Russo-European Laika,dog
Russell Terrier,dog
Saarloos wolfdog,dog
Sabueso Español,dog
Colombian fino hound,dog
Saint Bernard (dog),dog
" ""St. John's water dog"" ",dog
Saint-Usuge Spaniel,dog
Sakhalin Husky,dog
Russia,dog
Salish Wool Dog,dog
Saluki,dog
Samoyed (dog),dog
Sapsali,dog
Šarplaninac,dog
Schapendoes,dog
Schillerstövare,dog
Schipperke,dog
Schweizer Laufhund,dog
Schweizerischer Niederlaufhund,dog
Scotch Collie,dog
Scottish Deerhound,dog
Scottish Terrier,dog
Sealyham Terrier,dog
Segugio Italiano,dog
Segugio Maremmano,dog
Seppala Siberian Sleddog,dog
Serbian Hound,dog
Serbian Tricolour Hound,dog
Serrano Bulldog,dog
Seskar Seal Dog,dog
Shar Pei,dog
Shetland Sheepdog,dog
Shiba Inu,dog
Shih Tzu,dog
Shikoku (dog),dog
Shiloh Shepherd dog,dog
Siberian Husky,dog
Silken Windhound,dog
Australian Silky Terrier,dog
Sinhala Hound,dog
Skye Terrier,dog
Sloughi,dog
Slovakian Rough-haired Pointer,dog
Slovak Cuvac,dog
Slovenský kopov,dog
Smaland Hound,dog
Small Münsterländer,dog
Small Greek Domestic Dog,dog
Smithfield (dog),dog
Soft-Coated Wheaten Terrier,dog
South Russian Ovcharka,dog
Southern Hound,dog
Spanish Mastiff,dog
Spanish Water Dog,dog
Spinone Italiano,dog
Sporting Lucas Terrier,dog
Stabyhoun,dog
Staffordshire Bull Terrier,dog
Manchester Terrier,dog
Standard Schnauzer,dog
Stephens Cur,dog
Styrian Coarse-haired Hound,dog
Sussex Spaniel,dog
Swedish Lapphund,dog
Swedish Vallhund,dog
Tahitian Dog,dog
Taigan,dog
Taiwan Dog,dog
Taiwan,dog
Talbot (dog),dog
Tamaskan Dog,dog
Teddy Roosevelt Terrier,dog
Telomian,dog
Tenterfield Terrier,dog
Brazilian Terrier,dog
Tesem,dog
Thai Bangkaew Dog,dog
Thai Ridgeback,dog
Tibetan Mastiff,dog
Tibetan Spaniel,dog
Tibetan Terrier,dog
Tornjak,dog
Tosa (dog),dog
Toy Bulldog,dog
Toy Fox Terrier,dog
Toy Trawler Spaniel,dog
Transylvanian Hound,dog
Treeing Cur,dog
Treeing Tennessee Brindle,dog
Treeing Walker Coonhound,dog
Trigg Hound,dog
Turnspit dog,dog
Tweed Water Spaniel,dog
Tyrolean Hound,dog
Cimarrón Uruguayo,dog
Vanjari Hound,dog
Villano de las Encartaciones,dog
Villanuco de Las Encartaciones,dog
Vizsla,dog
Volpino Italiano,dog
Weimaraner,dog
Cardigan Welsh Corgi,dog
Pembroke Welsh Corgi,dog
Welsh Hillman,dog
Welsh Sheepdog,dog
Welsh Springer Spaniel,dog
Welsh Terrier,dog
West Highland White Terrier,dog
West Siberian Laika,dog
Westphalian Dachsbracke,dog
Wetterhoun,dog
Whippet,dog
White Shepherd,dog
Wirehaired Pointing Griffon,dog
Wirehaired Vizsla,dog
Xiasi Dog,dog
Mexican Hairless Dog,dog
Yakutian Laika,dog
Yorkshire Terrier,dog